stratum,mean_alpha,gamma_richness,beta_whittaker
Herbs,1.7857142857142858,134,75.04
Regeneration,1.9952153110047848,109,54.63
Shrubs,4.7727272727272725,114,23.89
Trees,5.3031674208144794,222,41.86
