variable,NMDS1,NMDS2,r2,p_value,significant
elevation,-8.782189002040161e-4,-0.35519650271011505,0.12616532680593345,0.001,TRUE
latitude,-0.002829911248361922,-0.2564176828850924,0.06575803649383345,0.002,TRUE
longitude,0.0014238781721678361,0.0727790745482298,0.005298821121145966,0.632,FALSE
slope,-0.004764620814214225,0.17356421984207904,0.030147240020892783,0.045,TRUE
temperature,7.385023628318006e-4,0.35682233239125494,0.12732272227887512,0.001,TRUE
precipitation,0.00431005966364417,0.21507438565791104,0.04627556798043203,0.008,TRUE
eto,6.710275807230219e-5,0.3559035547828206,0.12666734480982833,0.001,TRUE
water_balance,0.009922228369245473,0.1308803153075772,0.017228107550822287,0.188,FALSE
aspect,-0.019670886696400783,0.135667721419085,0.018792674418469095,0.154,FALSE
