variable,NMDS1,NMDS2,r2,p_value,significant
elevation,0.06189849045333392,-0.16344575051572258,0.030545936482049302,0.039,TRUE
latitude,0.009725159003104637,-0.06490767616661648,0.004307585142986021,0.659,FALSE
longitude,0.029205478482191512,-0.16840444206426472,0.029213016080350044,0.06,FALSE
slope,-0.010046894812924225,0.06091158615087722,0.0038111614227977013,0.675,FALSE
temperature,-0.06462211492086403,0.16762694121280788,0.03227480915720751,0.036,TRUE
precipitation,-0.004586129791830232,0.04631643262650305,0.0021662445177129085,0.825,FALSE
eto,-0.0755802844768588,0.1832935495089558,0.039308904693194924,0.018,TRUE
water_balance,-0.003171848140856837,0.01910792726313591,3.7517350492194954e-4,0.957,FALSE
aspect,0.026847876283004873,0.03994222560924869,0.002316189847527658,0.81,FALSE
